Season,Mean_Judge_Fan_Gap,Mean_RankDiff_Judge_Fan,Mean_RankDiff_Existing_Mixed,WeeksCompared,EliminationDiffWeeks
18,0.19906646375947937,2.22,1.1041666666666667,7,4
12,0.18824578535743824,2.7,0.7796610169491526,8,2
10,0.17596416347043337,2.816666666666667,1.2881355932203389,8,5
