Feature,Importance,Imp_Mean,Imp_STD,CI_Lower,CI_Upper
Week_Progress,0.2965695195411516,0.31362864197289947,0.016130902859906694,0.28812913973540616,0.3473422929352537
Age,0.22908529329586375,0.21798574805455637,0.011749272493081948,0.19505913788651694,0.23733425732887062
Age_Squared,0.2188116379438779,0.21771503001895273,0.01203657222819776,0.1975974917356718,0.24500694387940902
Industry_Code,0.2122092613656246,0.21444498922305272,0.014101900202517299,0.18442183507551083,0.24032080903311948
experience_level,0.024624427060304255,0.019245476952469396,0.0045176878804186905,0.01150629457180268,0.028844603410631872
is_allstar,0.01869986079317792,0.01698011377806942,0.004563550988307025,0.009640180144336803,0.027090802470158843
