Feature,Imp_Mean_Judge,CI_Lower_Judge,CI_Upper_Judge,Imp_Mean_Fan,CI_Lower_Fan,CI_Upper_Fan,Rank_Judge,Rank_Fan
Week_Progress,0.5204367925403116,0.48877283684647854,0.5476796965493376,0.31362864197289947,0.28812913973540616,0.3473422929352537,1,1
Age_Squared,0.17516465693841568,0.15707620578751746,0.19300780590987723,0.21771503001895273,0.1975974917356718,0.24500694387940902,2,3
Age,0.17278400196739407,0.15455902955206605,0.1917999050265767,0.21798574805455637,0.19505913788651694,0.23733425732887062,3,2
Industry_Code,0.11331143253468819,0.1001237019179156,0.12563316175608882,0.21444498922305272,0.18442183507551083,0.24032080903311948,4,4
experience_level,0.01281595425398087,0.007718117735684324,0.019195643588441856,0.019245476952469396,0.01150629457180268,0.028844603410631872,5,5
is_allstar,0.005487161765209802,0.0026470328491535345,0.009656561886456824,0.01698011377806942,0.009640180144336803,0.027090802470158843,6,6
